{"cameraMode":{"drawMode":0,"name":"Shaded","section":"Shading Mode"},"sceneLighting":true,"audioPlay":false,"sceneViewState":{"m_AlwaysRefresh":false,"showFog":true,"showSkybox":true,"showFlares":true,"showImageEffects":true,"showParticleSystems":true,"showVisualEffectGraphs":true,"m_FxEnabled":true},"in2DMode":false,"pivot":{"x":-2.126779556274414,"y":1.563126564025879,"z":29.800689697265626},"rotation":{"x":0.005156256724148989,"y":0.9945940375328064,"z":-0.06124482676386833,"w":0.08374271541833878},"size":12.563145637512207,"orthographic":true}