{"cameraMode":{"drawMode":0,"name":"Shaded","section":"Shading Mode"},"sceneLighting":true,"audioPlay":false,"sceneViewState":{"m_AlwaysRefresh":false,"showFog":true,"showSkybox":true,"showFlares":true,"showImageEffects":true,"showParticleSystems":true,"showVisualEffectGraphs":true,"m_FxEnabled":true},"in2DMode":false,"pivot":{"x":2.2405059337615969,"y":2.6360156536102297,"z":-12.066583633422852},"rotation":{"x":0.1592361032962799,"y":-0.1034599170088768,"z":0.016782382503151895,"w":0.981663703918457},"size":0.00547759560868144,"orthographic":false}